"","amc","gcomp","wqs"
"1",0.831872176611928,0.701272070634536,1.29068802212762
"2",0.844248097616407,0.739781074967411,1.41862582218041
"3",0.740910049965096,0.76893615498274,1.19638621424944
"4",1.07154433563674,0.898564844277367,1.28033449929908
"5",0.906672317954084,0.755011678812738,1.21686627454617
"6",0.934123689248193,0.922751283749975,1.40489628530823
"7",0.96780021405147,0.865805576298842,1.26365361911288
"8",0.867809178017525,0.830971937341239,1.31199123666352
"9",0.868825453084811,0.761136810296015,1.168741765017
"10",0.838304389449286,0.729203193886155,1.25316944543027
"11",1.03930325152497,0.871179057663321,1.32877090786111
"12",0.985187138611201,0.855531236698547,1.2380550994893
"13",0.833394146901748,0.728427140022542,1.22714675991529
"14",0.880615820897681,0.731196541996591,1.26314790987312
"15",0.969855146902306,0.879382765463772,1.27340620569711
"16",0.830033231142103,0.827733376844558,1.36989171021513
"17",0.884680974352582,0.780215190644084,1.21621682862829
"18",0.851627197610807,0.746467210238473,1.35790482404667
"19",0.900867068290045,0.744360981712711,1.20357292520133
"20",0.958586255647112,0.905736791264828,1.40190018613838
"21",1.0086774962498,0.886984065032877,1.28573057988862
"22",0.81310198642903,0.756107007178286,1.40414589842341
"23",0.946351634849088,0.894838453156896,1.28222198883574
"24",0.770048971183413,0.748929599175039,1.28356231669631
"25",0.990647685576413,0.878886008639178,1.14822905357589
"26",0.949354000516754,0.778386167666405,1.12000209749502
"27",0.907243679774897,0.817768524956258,1.25455056730434
"28",0.894795940970162,0.758556288312897,1.22353377136833
"29",0.902224609281722,0.768831185247077,1.28685434000613
"30",0.910825191930285,0.804053404200684,1.38690903684813
"31",0.887758457275328,0.806433621979815,1.26368862719237
"32",0.90819353086329,0.876533226729623,1.3660259924835
"33",0.855084398205774,0.699842348272884,1.20523863116695
"34",1.0354753439684,0.902315883397994,1.4274065988509
"35",0.917429731127274,0.863837224741924,1.24683808941742
"36",0.865288870782919,0.799131199530393,1.32397491863892
"37",0.844894631974384,0.636855112032718,1.24844995988834
"38",0.877369644395218,0.870392204313929,1.27360663079322
"39",0.841013207619883,0.741926219198375,1.20810872753457
"40",0.978382231824108,0.793316919476863,1.29298304456916
"41",0.887828667744292,0.792639274745995,1.37972206187717
"42",0.939381068638448,0.814025421785995,1.31530586054589
"43",0.876475166843564,0.679321858066862,1.23235189668225
"44",0.909282532571631,0.791051221533991,1.27270999380503
"45",0.991142283771597,0.848884714378806,1.25938044628289
"46",0.731628952689306,0.670253184044096,1.24848214235812
"47",0.958825043926165,0.750636257873945,1.23479662601896
"48",0.92794290088091,0.804823985123392,1.36255596313601
"49",0.972099415170689,0.792018666714496,1.31837884893782
"50",0.912856548222852,0.74657326979488,1.26360668986684
"51",0.811492262505989,0.755414818280489,1.26854454897378
"52",1.09980717275268,1.0042791725082,1.45908589461185
"53",0.987342873055345,0.922469912143089,1.26483045234566
"54",1.05140585902545,0.887903785648791,1.29403708250455
"55",0.991845389728442,0.866367749539183,1.30662071163641
"56",0.904644606437484,0.859767738782489,1.38530103972966
"57",0.810402197432721,0.795387643240278,1.22225611691108
"58",0.978338661055934,0.827910273517409,1.23248008196119
"59",0.942065551401832,0.834825729624611,1.23563421953065
"60",0.930809599554281,0.895457535330373,1.36175181237439
"61",0.936086113714918,0.900435696717436,1.31035752555952
"62",0.998208076061253,0.863818400697337,1.37092142200558
"63",0.966227313289057,0.86297918513344,1.41165816066508
"64",0.851752171544294,0.706167645857382,1.27405721751607
"65",0.801612510964516,0.769886385023455,1.23425312327065
"66",0.825266919479772,0.754171098766199,1.23194595549264
"67",0.839972744828979,0.745238673320159,1.1969508982085
"68",0.760057810631837,0.685166876201711,1.24871963698433
"69",0.988419028555278,0.931505568003948,1.36770708064011
"70",0.942489126651852,0.83654568665973,1.29557030619115
"71",1.00520491951445,0.840405439645013,1.32496426109634
"72",0.68992910329355,0.689234995930892,1.19039111999434
"73",0.894702223633838,0.807134356223542,1.27684055617473
"74",0.902184816591451,0.801124703922217,1.15962718373426
"75",0.88814586780006,0.748282703007464,1.23752830492761
"76",0.845488010254158,0.701277082153512,1.26869610162584
"77",0.939599558993204,0.785529338604538,1.2233030600544
"78",1.00102399033208,0.922411447487862,1.39117732518029
"79",0.923919231849024,0.89929468778546,1.2823551658226
"80",0.844956619726903,0.783291590849471,1.24467992112348
"81",1.02496294130182,0.813165250932513,1.29539421258007
"82",0.856257638213874,0.812177040130419,1.31232960478894
"83",1.03810013695054,0.942987053397719,1.53377533949029
"84",0.883889068629238,0.829506857712832,1.18652125784085
"85",1.00688536241829,0.864160511905159,1.42427974716284
"86",0.983824190569008,0.813139514914036,1.34881395434592
"87",0.884603749572417,0.846570806188995,1.30896002525005
"88",0.982065542668782,0.860728321204448,1.36046881221047
"89",0.953631353593973,0.809590317423477,1.29103882456928
"90",0.956931041747957,0.855385595961801,1.33221573065829
"91",1.00532880213775,0.900160068571018,1.40009360579042
"92",0.932090901669573,0.877304957328289,1.34860087817557
"93",0.837601722277171,0.768804978224618,1.1973783056547
"94",0.944138464833067,0.816276471189367,1.27967098602995
"95",1.097922103625,1.01844647486152,1.38574804281427
"96",0.885442245254052,0.790800003070819,1.36126459316038
"97",0.925659373602652,0.861751941654913,1.2974622927075
"98",0.768459709313898,0.682222131289977,1.21617943584058
"99",0.963418438653821,0.876274493273601,1.20760520900772
"100",0.942216078437492,0.817859401451069,1.24092694037307
"101",0.824312542662797,0.764137331839888,1.26551636499431
"102",0.840989659110277,0.718893340753085,1.32342365640231
"103",0.819481556497716,0.71708376806352,1.31716859080859
"104",0.774341686337553,0.665289509201474,1.21516661533006
"105",0.812366304169683,0.78422877671004,1.32447905516632
"106",0.943394142579296,0.834382054634447,1.16917363503632
"107",1.01508312973472,0.905335860658673,1.33314515572749
"108",0.804652815670487,0.785258412714528,1.39773191915897
"109",0.888532543474349,0.796994538465858,1.30653339317497
"110",0.743891307410992,0.700473656346756,1.28795515150186
"111",0.92298004943431,0.818102629304895,1.26424349106312
"112",0.946155588030379,0.855120989287168,1.28575907919086
"113",0.941950985563744,1.01744685826364,1.36688791380792
"114",0.791661812431364,0.74308606009789,1.23847450534807
"115",0.899608779497333,0.737193134921923,1.27518264202115
"116",0.939002604001499,0.758333880859386,1.21659560758569
"117",0.99418044945703,0.847861529198753,1.33872485972746
"118",0.84130553373955,0.710689737733565,1.27873904119124
"119",0.872132157897695,0.794844783812159,1.30367823062326
"120",0.77999122293367,0.69334226119227,1.16376142679542
"121",0.917572566744352,0.766245668899124,1.28143138452765
"122",0.980193209934428,0.942112232431853,1.38389504567119
"123",0.91924226113627,0.889586607498806,1.3085578972022
"124",0.675779727475832,0.723807550883,1.21515081774456
"125",0.984109702939573,0.830401310711831,1.42221226304834
"126",0.894096362880965,0.755162170459686,1.2274126644474
"127",0.90743963408332,0.788440784612889,1.15030676898777
"128",0.915116215612025,0.75481120210006,1.24605521026637
"129",0.881350155498212,0.734653663406997,1.23482398753534
"130",0.90119598302155,0.856164582262525,1.40721172444325
"131",0.945433502891328,0.834284414621756,1.24175201416651
"132",0.862875486050484,0.770625783061763,1.17249470990219
"133",0.974529074940307,0.760877949539694,1.43192190506759
"134",0.959940250429445,0.909523691849262,1.33464785489649
"135",0.751571564056534,0.768452740018379,1.27529265359404
"136",0.848178955546987,0.794608375712157,1.30597607480244
"137",0.876118114948282,0.778335399102235,1.27064203719362
"138",0.941768217577781,0.772017793575624,1.25753419585101
"139",0.922243935544235,0.739142864914637,1.2535339882984
"140",0.876152651827379,0.753172491463298,1.21386992031804
"141",0.802221843394117,0.831747223167358,1.2604700342671
"142",0.979189957254479,0.875052651887082,1.38235774347931
"143",0.973593432896382,0.814786462611545,1.28851086787949
"144",0.841768580693267,0.768963721095151,1.25070510023987
"145",1.03627162386401,0.909497711625852,1.36146383494127
"146",0.765961096389754,0.710933901395282,1.3756014051137
"147",0.86335668904648,0.774958584383746,1.31309843546524
"148",0.849623008490374,0.78552847035581,1.46393411967191
"149",0.996025612616488,0.851809975102609,1.31221280388511
"150",0.923565406088118,0.834041047353012,1.28140052482836
"151",0.93685487496603,0.778531209881845,1.13999491352009
"152",0.719250729913363,0.608449796135569,1.19842219965298
"153",0.960560515288696,0.882831752318642,1.35228078013308
"154",0.858234083729648,0.930977023838816,1.21400839928602
"155",0.718922589270295,0.671439729718396,1.26860850326285
"156",0.876555344130664,0.831508744099281,1.36023277283396
"157",0.959857572382044,0.844678920432992,1.25055771974817
"158",0.974856633322448,0.846299784390962,1.34884058727088
"159",0.876522510798489,0.772985804596241,1.37930862501369
"160",0.856107928075716,0.753810753588016,1.30387015726454
"161",0.840401700241261,0.782216285848905,1.24479401539366
"162",0.944335313016541,0.820513475302462,1.38583339465413
"163",1.09461550906916,0.821548181611309,1.26589440084309
"164",0.931247985691,0.873662139148068,1.26660069851097
"165",0.985971831104048,0.976162023202129,1.22142234475386
"166",0.981794028351962,0.78813899632852,1.36824342087533
"167",0.794704289643857,0.711336636341797,1.33844992137695
"168",0.779944081678751,0.783496825536751,1.27876481604739
"169",0.831654545948084,0.722071158006201,1.18491270795248
"170",0.975905160824472,0.805520913211935,1.25082006562247
"171",0.939626797601787,0.909284275830126,1.33475482999546
"172",0.921362826756232,0.847063322838022,1.29306314119844
"173",0.948454563309951,0.804758821014037,1.30307206218128
"174",1.03501788898465,0.783036830192169,1.24420460151485
"175",0.922338042679133,0.799788220492399,1.23137596316768
"176",0.873616886421639,0.695301872740398,1.15026593710052
"177",0.770479567901497,0.788077491217014,1.28091810717538
"178",0.973038969338186,0.828270913884668,1.31392878132211
"179",0.996319438948276,0.910508670818135,1.35901191786301
"180",0.943674544900627,0.837176395654862,1.36834546113193
"181",0.866498525039535,0.819090195525386,1.22717743380172
"182",0.909499445429097,0.861805798726258,1.28576368110825
"183",0.974647824920446,0.855705952215223,1.31029863765585
"184",1.03467761733941,0.868800031625785,1.25425636959749
"185",0.90720047982528,0.701190030515664,1.23618332739855
"186",0.856856958484635,0.729136129535534,1.22542830696719
"187",0.825167065029294,0.804124080396159,1.22747260287683
"188",0.944013716472767,0.826281200679038,1.26500994952136
"189",0.741546941504203,0.70147823013846,1.2746355664607
"190",0.730852308780479,0.753365638819507,1.18725525635713
"191",0.918209566016066,0.799219181306888,1.38523489210284
"192",0.901162593753043,0.762713466405668,1.21624432649521
"193",0.88057776474786,0.750128893053046,1.26799219680913
"194",1.0002809086287,0.895707099203518,1.40321783614287
"195",1.08159110240709,0.956867607307988,1.24601792573488
"196",1.03835029254023,0.859423153123304,1.2998837921188
"197",0.897709942710313,0.749453077044688,1.31265132953021
"198",0.837563966966737,0.729233586520521,1.22898797673362
"199",0.818935654683832,0.750752407953382,1.47560191339316
"200",0.996544780640311,0.842494533568739,1.32106146697156
"201",0.834797224905577,0.732003426190223,1.16843127437946
"202",0.796459772629104,0.687404667243126,1.25502311484073
"203",0.831329344318044,0.743851217159396,1.26573297101841
"204",0.842786621025922,0.720573329565042,1.1786263237162
"205",0.83487916239997,0.757203083507985,1.27224252179664
"206",0.981027534610642,0.821938591116317,1.26206777221449
"207",0.970220812820411,0.84193437187855,1.27028547521817
"208",0.97186920705868,0.853305309402025,1.39396786169269
"209",0.93556507623232,0.893177309188643,1.29121978326805
"210",0.810937524780818,0.830726110735563,1.3455007618564
"211",0.84104997480196,0.820546382830144,1.24757136283211
"212",0.785135240030161,0.732178735233095,1.14882116316298
"213",0.911877385761029,0.774570438280268,1.40380860972296
"214",0.947942704727333,0.920696191467678,1.3605783751676
"215",0.992358663383385,0.928781832831991,1.37810936738457
"216",0.967787936569878,0.790787758135749,1.26017466748953
"217",0.943182859665717,0.755527609878834,1.32245181379166
"218",1.02265982186927,0.835717895811105,1.27105142009439
"219",1.07017502505272,0.994112709289423,1.49502508350193
"220",0.952626254325318,0.828568365991376,1.27770592566664
"221",0.831805015124454,0.698163490694653,1.18882922247282
"222",0.825748448075704,0.848463215243711,1.42852440001314
"223",1.03323942468531,0.965176709219643,1.39722293720027
"224",0.964290329294809,0.900236708355215,1.35040395554726
"225",0.942599787128724,0.856573980716064,1.28825949998527
"226",0.953073124273098,0.913244072808704,1.42877045526572
"227",1.09798248378987,0.959756434130547,1.45228143403903
"228",0.759675044337004,0.732559006033528,1.30621160229071
"229",0.862565926096778,0.768937995027361,1.45962842687163
"230",0.808929949169724,0.758456340042838,1.33288639517416
"231",1.05781940268849,0.892247488697473,1.41041167995844
"232",0.899554286695027,0.796267548880819,1.22012348477294
"233",0.794286725537879,0.741375774706856,1.28711036415483
"234",0.980902878474176,0.910479530188133,1.22364850806845
"235",0.802878630074313,0.772609891805855,1.21148506974302
"236",0.990183885936869,0.809312844509002,1.23542864513592
"237",0.839529632936639,0.697091015284721,1.23074730091664
"238",1.12574955189389,0.988706430178632,1.45985259996285
"239",0.83642932141622,0.752499140813843,1.26748110940935
"240",0.892706072429095,0.788379074466631,1.42493483159925
"241",0.932957816811775,0.822998199894111,1.29572980885094
"242",0.892600772000915,0.732008467152084,1.26692607227324
"243",0.918046496746014,0.913455741926933,1.34600593491937
"244",0.801290725783837,0.668556679605644,1.28513435293015
"245",0.913880589155809,0.772336934834174,1.18336935859657
"246",0.882458052404908,0.881603568885155,1.27148511288403
"247",0.866153414197385,0.801711853526515,1.26114626840017
"248",0.888225943925033,0.81044828513994,1.27708833602057
"249",1.05008184414582,0.883036077760407,1.27849767552926
"250",0.895154002666262,0.828008110724512,1.40563433452197
"251",0.973553307972248,0.820852860626524,1.36190247430642
"252",0.723927591481075,0.748025236583767,1.22364596410291
"253",0.851895034486918,0.766633989925077,1.32908373443955
"254",1.00015123230005,0.874976479856205,1.46012795063994
"255",0.902280315450504,0.804485908025658,1.34009341573973
"256",1.06073583343622,0.904538270667572,1.31663717262588
"257",0.925918675676127,0.839146531246103,1.37834164028748
"258",0.854721108296792,0.803674052288252,1.2934922121132
"259",0.942119783489747,0.738711539505499,1.16958911516399
"260",0.824495021139357,0.735225070182659,1.20200530869375
"261",0.831518010735849,0.757046445408808,1.36172435982863
"262",0.988194490454283,0.777552132374225,1.25514680643113
"263",0.883671039905676,0.785538749639378,1.33668577644649
"264",0.924845924408093,0.796494726083882,1.30793385631013
"265",0.81240677072143,0.776033875779036,1.38825705183088
"266",0.870546377171649,0.816057849494517,1.26457305493407
"267",1.00675573423542,0.808456951074292,1.42856027915496
"268",0.935485261174869,0.840936893550039,1.28183355360937
"269",0.804963606428382,0.69748891448873,1.24152538263097
"270",0.953167027981056,0.789656397140729,1.29252699333823
"271",0.823783442752868,0.698101650319338,1.20312210410637
"272",0.68974498851674,0.664989361977744,1.13335760811817
"273",0.903158936426972,0.807574568138776,1.2246574691913
"274",0.974373604816668,0.834908899283189,1.30098314042975
"275",0.699645085529869,0.660782363145189,1.19203712127637
"276",0.83670230563003,0.787931926615053,1.2496142551878
"277",0.879390514874013,0.851968679861895,1.26120937801269
"278",0.676900309679995,0.594418971952719,1.23633214691684
"279",0.806860499795392,0.790239920485608,1.28025063832099
"280",0.853916421402137,0.825472573515409,1.29427255800019
"281",0.701856698533184,0.676862254762694,1.17665849960425
"282",0.960569587062039,0.957773072273254,1.38810134252848
"283",0.843399798003918,0.750098192377516,1.2188472263805
"284",0.817694225912785,0.774773318151906,1.32435411443121
"285",0.899664528464314,0.80931921158377,1.31129530732072
"286",0.788865027679724,0.644195094256953,1.12527334332234
"287",0.951367736286077,0.852056899721465,1.30306574230832
"288",0.802286970334845,0.696664815269637,1.27614576197907
"289",0.838188152181486,0.805862854023536,1.26737253733379
"290",0.760184409071731,0.707842157483724,1.13081129386018
"291",0.713290538145766,0.712250554687227,1.16109184172129
"292",0.872576556557918,0.780667341953614,1.32590394412764
"293",0.863147302266836,0.790786564050803,1.28864677214714
"294",0.737677960759131,0.690245699673059,1.22729444328736
"295",0.861357497845817,0.726264620023386,1.27781618200171
"296",0.888050469702459,0.887944681614011,1.26167412606939
"297",0.924958439755551,0.817744781910317,1.45233534500882
"298",0.892118403700538,0.748508077576445,1.22261808857205
"299",0.953487346613388,0.873554411806221,1.2459820263849
"300",0.832680387380577,0.723683877792556,1.21560727724952
"301",0.793792291492996,0.681701567178428,1.22748680095953
"302",0.915290780916801,0.844911377238638,1.23970791447678
"303",0.990632054274012,0.865675823719349,1.20580619030269
"304",0.827162879336434,0.683649743137752,1.26932531583365
"305",0.740302375926793,0.71055035063227,1.18018106938668
"306",0.882230083174827,0.834092307052383,1.3256750012222
"307",0.803292945121602,0.842655419193996,1.26216825665937
"308",0.919549624483131,0.825840445660718,1.22364175118953
"309",0.905786590355687,0.788087536336311,1.26646354938806
"310",0.836890965420052,0.793840125354626,1.24585772048195
"311",0.79444943724767,0.647126920368403,1.25424882145909
"312",0.867833824065943,0.723362335150465,1.26256109856601
"313",0.913397782637046,0.754226604878694,1.25029843089453
"314",0.866079805460764,0.717352807092583,1.25699366580417
"315",0.879472533648362,0.697751413670803,1.29431645393347
"316",0.773660289659791,0.717487549407548,1.18588889258989
"317",0.83262716095157,0.723365555296079,1.28859486757371
"318",1.05307695366253,0.867338845242594,1.34287760258841
"319",0.97426457423989,0.87916699697997,1.41097958867415
"320",0.816430956895714,0.770890380851021,1.25207925026393
"321",0.807899012888304,0.704102394305972,1.22797276981667
"322",0.859857509240617,0.794480789633649,1.33721064566074
"323",0.891523075528724,0.794189978366954,1.34108882417934
"324",0.946259379582933,0.829198183270949,1.2849834157959
"325",0.669902719768986,0.616957870379706,1.19330485864187
"326",0.940207860181071,0.784196720970938,1.26967754595478
"327",1.06656210135768,0.966806356673558,1.36367625036176
"328",0.912362910276511,0.862153128498457,1.30228424767581
"329",0.852663730971897,0.767989556985514,1.20111974276488
"330",0.839551015300287,0.733752003558559,1.29711857875017
"331",0.766000142785533,0.700453594484252,1.26164360542947
"332",1.09560955978703,0.90894218819581,1.34198914375818
"333",0.936216584738597,0.820433237270588,1.28882442624322
"334",0.780537824589401,0.686511166824394,1.18403801424819
"335",0.866058017875297,0.755028864871951,1.35519477377209
"336",0.775830146926623,0.820595583205236,1.2538449013067
"337",0.906648118390903,0.869301256286725,1.45483391235647
"338",0.906591216644989,0.836687716880574,1.44145239110734
"339",0.839294881314039,0.697300462584045,1.26125369284829
"340",0.910204819362505,0.827015436950911,1.33401757966164
"341",0.934306348040972,0.914266098513239,1.41094762149674
"342",0.88376123050636,0.839133420953742,1.32768874399015
"343",0.885297037169206,0.83950652138348,1.268789711098
"344",0.820392041922232,0.789855930091111,1.26712102877561
"345",0.913067693540694,0.884894432007612,1.38393307412511
"346",0.824805460736838,0.807348711985826,1.29090200933999
"347",1.00145002022319,0.925309738574388,1.2560107162987
"348",0.850245053059185,0.749980687897726,1.29008379305914
"349",0.84755291601623,0.684912054457511,1.26752948921797
"350",1.0478877509565,0.857975882454292,1.31271811239975
"351",0.920283307356363,0.898485893534222,1.36640961645492
"352",1.05158906472762,0.93242427465573,1.24594455392665
"353",0.916749302995169,0.834588883392465,1.32159804323964
"354",0.835016155541686,0.744067498460805,1.26888185609119
"355",0.801147654781494,0.695384574451504,1.21972365758204
"356",0.904548707382848,0.75539248703153,1.29105327323353
"357",0.841850469033422,0.703343711063178,1.30528017845978
"358",0.887742879068112,0.81821301918699,1.28351504249165
"359",0.906108130788004,0.865267077405604,1.41572852294793
"360",0.941323997240298,0.897220891221987,1.34729923135922
"361",0.947373712714736,0.775788284685644,1.28347524230166
"362",0.861515753076204,0.72011483559501,1.09604870836092
"363",0.917520507826775,0.814253961838274,1.29645251813704
"364",0.997233496726021,0.846998138558611,1.30698849575813
"365",0.662769062774939,0.629570414363762,1.15875613937564
"366",0.804359801267346,0.745411499571739,1.272292039155
"367",0.892368899621832,0.853303489358586,1.33580753339218
"368",0.906748265777203,0.848772293644673,1.35979028338096
"369",0.959456928291421,0.786121783758876,1.23488711761513
"370",0.883516882567074,0.808985360735499,1.28466246402975
"371",0.916933661575269,0.783597751802709,1.31818392398373
"372",0.902199354669473,0.705287210380536,1.20135371404035
"373",0.893703033463906,0.766148304268511,1.34702310564614
"374",0.960335498473509,0.908329082530048,1.29952816860004
"375",0.893850991069149,0.909525049462858,1.29195826348896
"376",0.87133110645627,0.749510983556253,1.31570696155238
"377",0.893284072880301,0.797820230668885,1.2300089725392
"378",0.898773943256677,0.791427687472256,1.31874234352491
"379",1.00363550021092,0.808111289162598,1.27528624405137
"380",0.884512878167831,0.872531611140938,1.24128380800645
"381",0.937649905526663,0.774081061389778,1.24712403575915
"382",1.04052163586066,0.925297893937381,1.34613737941963
"383",0.969835177948702,0.917187942266822,1.41223496727697
"384",0.760070944824376,0.814627401763813,1.25794259371377
"385",0.856566670348457,0.7591584979692,1.28079670131032
"386",0.7558246764556,0.657350044318319,1.22126174359778
"387",0.884357986031072,0.874773485629052,1.28735844260816
"388",0.921591423737374,0.873089083177319,1.26424896617564
"389",0.994737059214986,0.989279376819041,1.33738790765302
"390",1.00659448048211,0.905037514339192,1.31065804077913
"391",0.92587700890245,0.795048329758974,1.36732623781891
"392",1.00228798116766,0.907001220493523,1.47095990064984
"393",0.854605212031944,0.742366411942139,1.41834755166335
"394",0.924684489387928,0.846740710147112,1.28115415073023
"395",1.02578682792403,0.840777128155871,1.33122628352671
"396",0.899465134633143,0.766644160510427,1.27866666319483
"397",0.75856768008894,0.658243919226921,1.20867405325223
"398",0.898118951548491,0.77941585924708,1.3064978919716
"399",0.893106743812266,0.731872714303152,1.28007431526115
"400",0.950318483879516,0.902420220315332,1.2638028303148
"401",0.88936889234833,0.81192927409914,1.28707811696494
"402",0.929486812914144,0.832872519578086,1.27067597427459
"403",0.908959478835166,0.811518709388775,1.28452869175352
"404",0.818027117892889,0.71210004939963,1.25230312195052
"405",1.00710224614856,0.914262085598114,1.31641646220766
"406",0.938511146689533,0.779862271510192,1.25290518005133
"407",0.934775460505379,0.823263322904325,1.37918721134786
"408",0.697399350661951,0.681676505034538,1.13862903218267
"409",0.777596339433177,0.697623322721013,1.25538780247368
"410",0.85540872854171,0.849533771067126,1.34155274655104
"411",0.892168272395819,0.785872821137212,1.23539628940512
"412",0.925852249616464,0.85738356204302,1.28850053869329
"413",1.0282647406623,0.96542075499294,1.39357393098123
"414",1.02208553162112,0.966857405344559,1.32070681460564
"415",0.806996398378119,0.705259818244978,1.34474216706404
"416",0.896546547153214,0.835479131310994,1.2808720744696
"417",0.804712469259139,0.706060317174733,1.13302114080683
"418",0.760062081108821,0.735958708713839,1.2692298854295
"419",0.896849092813469,0.794166879428001,1.23943336477281
"420",0.791963703455648,0.653742319228974,1.29853010641778
"421",0.711661810429396,0.698573999506771,1.2667740014531
"422",0.905418920136567,0.780816697013913,1.43566037768135
"423",0.945464897596286,0.840809570137089,1.28671596188104
"424",0.982570421906392,0.874322439429305,1.31545623530391
"425",0.789761443679489,0.799523178398262,1.10120704930741
"426",0.751607524870045,0.694450629396608,1.16214078384513
"427",0.733176748381323,0.639018746435462,1.29455968670668
"428",0.698097915505579,0.645844116229855,1.19481835201262
"429",0.7804969921138,0.664138278974075,1.15407247856059
"430",0.821102014960565,0.750983579331724,1.18884757411696
"431",0.943623375502934,0.876110360202917,1.25549989135734
"432",0.826872706397394,0.672824680692293,1.13576680840779
"433",1.04515005101392,0.784344814769841,1.19424888410575
"434",0.9726913604441,0.865976938951014,1.31340978031857
"435",0.914222420772836,0.830765326282783,1.22673935764122
"436",0.893252535545058,0.776836281437476,1.24256749483719
"437",0.910682601987366,0.702604827834938,1.17285340429908
"438",0.913868102033065,0.814245750110146,1.21408496462773
"439",0.897813459872566,0.839540386223511,1.36412259153773
"440",0.775232955161973,0.727837731593302,1.18330177067118
"441",0.896359972737462,0.830986886988564,1.2742276122513
"442",0.868833729071476,0.913753621282899,1.44575661154182
"443",0.968643381773048,0.88062344267689,1.35161530822346
"444",0.765854821047717,0.73190895103235,1.26651536718478
"445",0.915866668563615,0.790140258434449,1.30099951276708
"446",0.911588089647344,0.692999199159026,1.09361641598296
"447",0.970413318820596,0.937387983111169,1.34415683643119
"448",0.870643078541694,0.681872800671562,1.22471299613192
"449",0.874539957598556,0.735713250404264,1.25427054731917
"450",0.856774894393759,0.78647864727078,1.24795479495398
"451",0.933462200135297,0.886467668757499,1.24697201756989
"452",0.919871105685777,0.819992305803318,1.26627640022527
"453",0.721690040505009,0.71951915238909,1.20146128638389
"454",0.899044268119355,0.81296638817606,1.29989515404624
"455",1.01099355669771,0.841702044203764,1.26230938244011
"456",0.678508279753873,0.603757111989888,1.22834183723496
"457",0.941547062272504,0.785901453796544,1.39627795908788
"458",1.01389102397265,0.978115002588996,1.36124829603026
"459",0.899544280446557,0.763952220156937,1.2049793293339
"460",1.1507167482598,0.975405564863109,1.42352172349706
"461",0.840072427503135,0.793867491656135,1.26556315726174
"462",0.934832224291064,0.815388767426443,1.29669209961613
"463",0.877652580000371,0.76035969881682,1.21390944442269
"464",0.996289035354964,0.913105554208808,1.3715027240668
"465",0.892249500534175,0.776179728709451,1.2826951990292
"466",0.904289833210953,0.818070611612583,1.31012425233543
"467",0.983696392622745,0.901684297086997,1.36874152752687
"468",0.916626933573231,0.776255759138864,1.2552939867111
"469",0.840257484915323,0.837134459759128,1.34263350657318
"470",0.93119850143224,0.844901091936812,1.33824109007061
"471",0.991366532172066,0.88409539174655,1.43829669118803
"472",0.91843894280192,0.796192264694525,1.30891032413036
"473",0.938457014127309,0.941106794988142,1.32688346701026
"474",0.836934307667867,0.754584389020569,1.21145644191402
"475",0.892083089437184,0.874344623622547,1.30755173340933
"476",0.802543427524639,0.653422736359076,1.24188303902929
"477",0.854860801094911,0.757851127803923,1.31050980631713
"478",0.956601656992681,0.847433226442621,1.34546509348348
"479",0.95343749181179,0.810259915094849,1.21994562353023
"480",0.705242253720758,0.663851191986464,1.24792777620812
"481",0.807022693041253,0.682386306570221,1.22896676934672
"482",1.00587070521541,0.8856571011033,1.4261262692015
"483",0.922490212003817,0.809183417470439,1.34596618252553
"484",0.941545804409246,0.837417725529652,1.34665962417574
"485",0.842295474718815,0.627675511297292,1.47530769682808
"486",0.874492480735142,0.822213807300916,1.19712845199886
"487",0.802267295804041,0.672072944227984,1.2152812112695
"488",0.851999134749875,0.859910310916241,1.28138958278832
"489",0.994819131902761,0.966587619633232,1.36817690011714
"490",0.973706585707579,0.861880925510917,1.36714519222793
"491",0.811563812422005,0.788385557608328,1.37700655679474
"492",0.938380526881111,0.796846063823336,1.17424266909519
"493",1.01786106424127,0.919687740259261,1.27006176008226
"494",0.793509945295787,0.645581453309628,1.15991220239305
"495",1.07131987928527,0.974302275926802,1.35548976142643
"496",0.913213980155998,0.833566859222993,1.31384632886171
"497",1.01773370473786,0.749574313770429,1.26709890529064
"498",0.999696442469066,0.919720992647918,1.4312132486745
"499",0.876307657202027,0.788750801081468,1.24069727955111
"500",1.07121132880256,0.885320369352529,1.31436922530245
"501",0.738829176788308,0.631241206443652,1.14646136843659
"502",0.836236702290354,0.826064864029,1.2580794406742
"503",0.89819566308268,0.885156667390455,1.28638618767976
"504",0.939214077078552,0.882790738969589,1.27969497841185
"505",0.75461785016083,0.746168687781894,1.27117217486177
"506",0.999585835727873,0.85729624697567,1.37259003990166
"507",0.85083111227362,0.774851431432489,1.26657425669654
"508",0.977347552939994,0.838223567787953,1.26096418607621
"509",0.90838421434368,0.838038369375814,1.33259969970936
"510",0.680738670804805,0.549146516396725,1.06495244961752
"511",0.833569987402702,0.683425006916261,1.22615950918759
"512",0.753888311823301,0.670229965201298,1.21756607620389
"513",0.918117881346097,0.809038570297173,1.21785726131837
"514",0.98561145734905,0.857246369234331,1.22298150469367
"515",0.894985992377798,0.844882193384921,1.25995711806687
"516",0.865334752558544,0.679060542108174,1.2888165813654
"517",0.813575591000492,0.748965333594529,1.21739905732028
"518",0.82687824174161,0.761120850541141,1.27781207633262
"519",0.924554108427282,0.756044895868863,1.274960269561
"520",0.829241291521444,0.760525744008803,1.198742014153
"521",0.714449719038695,0.598327515446754,1.25721220256388
"522",1.14678841693642,0.967777938571962,1.47383525299684
"523",0.844296910581117,0.748078014949588,1.26550241829736
"524",0.995124330369212,0.819641397593138,1.30663735214535
"525",0.853573410444813,0.839962851314484,1.27253737074081
"526",0.878122527682044,0.734573945700306,1.31245058874435
"527",0.912129532286437,0.764939512088836,1.22608396312351
"528",0.758580512338219,0.734538858325474,1.34063532556213
"529",0.885347024318508,0.825720977884881,1.22637452238662
"530",0.909848924745375,0.866569182462242,1.27544743061117
"531",0.912709621641472,0.843648495056916,1.3379966597242
"532",0.921382890486843,0.720798886347244,1.15910322122704
"533",0.900161159894362,0.7848026631134,1.35065978675008
"534",1.07362364676977,0.936124262297793,1.45202369949713
"535",0.803215452502714,0.688759370470845,1.22681396959143
"536",0.815857155078356,0.726512829610794,1.26374347341599
"537",0.945992049319768,0.920944857441009,1.22771665541351
"538",0.849658827181577,0.713357259641004,1.27543928007097
"539",0.916412623906204,0.855523722878418,1.42512975372889
"540",0.881607164649692,0.767297990214608,1.3231285368694
"541",0.957321787196459,0.855466349093477,1.28777075810282
"542",1.0752554226238,0.896333738610663,1.33866138457025
"543",0.806615787924961,0.779404050600292,1.25826669654798
"544",0.744106609598963,0.653748279431142,1.29584071696127
"545",0.956519092086447,0.833515359249081,1.36114749845502
"546",0.930858561116937,0.781919408667662,1.25109786727955
"547",0.999982312416127,0.91946360647765,1.33503411741057
"548",0.946528632941977,0.832457937108799,1.18515776458358
"549",0.893793217119896,0.847222707893966,1.38925675378422
"550",0.957987410170096,0.787191580018042,1.21367991396233
"551",1.04489476691971,0.860246079816901,1.41328099556446
"552",0.884471197398194,0.804351246257068,1.37023765946435
"553",0.955267841796106,0.794079103276315,1.29086570923677
"554",0.913602823825817,0.882583605821758,1.45448654042076
"555",0.879437886584104,0.796794630778569,1.27979327344791
"556",0.91360414357997,0.750628615182372,1.2943110472128
"557",0.978799709898483,0.832578415191086,1.2507385499356
"558",1.04564912568778,0.939542648026898,1.32095154206101
"559",0.719419949216426,0.635650096261619,1.23197792937739
"560",1.00021245999113,0.899822119274804,1.2793670348242
"561",0.909546003527661,0.822936506018477,1.366485340677
"562",0.84668317592587,0.796066406384355,1.34523527267266
"563",0.860988394020989,0.78579745065591,1.24443890206485
"564",0.986333036922413,0.831488015520939,1.16300079003308
"565",0.988997121097737,0.828699039429794,1.18278435993758
"566",0.955104077788527,0.848218143470183,1.4292586175725
"567",0.960436909036833,0.74302707867757,1.33400245390753
"568",0.928746336500257,0.809851129233922,1.25277154082751
"569",0.866725606062954,0.673613966449731,1.20136660842952
"570",0.894112833941984,0.683304829025381,1.23107469697506
"571",0.929077826654802,0.846945052807849,1.27563345369012
"572",1.114755211115,1.02420506530791,1.3771167073989
"573",0.800026246471783,0.717642149314052,1.31728785104206
"574",0.927318765445572,0.811640233894578,1.32757427582619
"575",0.918995636753928,0.757048709474766,1.3126836884077
"576",0.957108820204268,0.863439402807955,1.2508830612276
"577",0.873087664999987,0.839808692533988,1.35193774740374
"578",0.843280217317328,0.731715169168509,1.26591502126314
"579",0.780845649083187,0.708582186257176,1.36933531833273
"580",1.03008987145835,0.940298907367964,1.48090478413138
"581",0.965621481840908,0.829964356683312,1.23207409054884
"582",0.727631187155898,0.658815104276102,1.22804447196916
"583",0.762796154105011,0.77403959334452,1.29162276040693
"584",0.77572503652751,0.775402153733396,1.14421581325011
"585",0.88962206854853,0.827415025725833,1.2845827388653
"586",0.883319682618846,0.762798366471195,1.28427210213726
"587",0.793069483372359,0.789917306385293,1.2568597778656
"588",0.920286979064722,0.76138745876703,1.26127891568467
"589",0.882989447309948,0.857151375493869,1.28294682915439
"590",0.872959796518592,0.761584310071682,1.20941176678664
"591",0.858519428577919,0.887967555934831,1.24834104573793
"592",1.01637085955046,0.924158009146434,1.28067368175515
"593",0.989332556316696,0.765920911707063,1.29128677583024
"594",0.83347690398841,0.772228533553225,1.31365059675358
"595",0.793280855423176,0.686998094022966,1.17664553412276
"596",0.844846835530744,0.834185393858769,1.2257385485871
"597",0.921002730778514,0.77236184608764,1.25718482537499
"598",0.822446499418153,0.806128173731395,1.37823677502082
"599",0.841729807997219,0.804977257512754,1.26732997347956
"600",0.977660052237555,0.882766705770593,1.33342522355938
"601",0.908450253306391,0.814202786125743,1.21510538041194
"602",1.05270224821128,0.840566331059807,1.24778796272666
"603",0.862398636835459,0.800366468174444,1.20606750435794
"604",1.01089013803396,0.865742356952708,1.33373438349962
"605",0.769693459377913,0.696334749523005,1.2858480138881
"606",1.02293549988029,0.821692057444599,1.3176185570674
"607",0.855194484941096,0.786417995615681,1.2321546735543
"608",0.847103459061273,0.721922573192311,1.33192043061675
"609",0.880680948913369,0.715852127031334,1.23923162822103
"610",0.971756079800802,0.873109989082861,1.1625351773816
"611",0.96286078576989,0.840108690899486,1.37257455432822
"612",0.876993581442577,0.785770049291418,1.26546682492346
"613",0.85025848444476,0.723740918672664,1.25986741356081
"614",0.728412906489522,0.707548151641453,1.18385999670019
"615",0.874703447385586,0.790819674840383,1.15118956882798
"616",0.836855137379115,0.761350126484311,1.25197639388416
"617",0.823263727270668,0.879946660666805,1.23263042299338
"618",0.828996883068762,0.796529960972373,1.24255372320822
"619",0.934277680080497,0.911377276355775,1.40906581783759
"620",0.843244536290032,0.745318542643609,1.34338818336714
"621",0.960052975735724,0.798732995456637,1.37638440344099
"622",0.864660733887062,0.765347448449128,1.17211518954612
"623",0.811021025801371,0.737705304954271,1.19295912374683
"624",0.9466172258762,0.781638174992209,1.32692708302222
"625",0.854445287499332,0.842210038899853,1.35274143539685
"626",0.912220352992217,0.811597738965428,1.24909560136388
"627",1.01119865220561,0.904386994000075,1.32893155968181
"628",0.979595063906491,0.899693454183977,1.2925125701367
"629",0.746013267579727,0.707700684317099,1.31310004705144
"630",0.861629834620561,0.793899742001247,1.26156451803145
"631",0.923912320549374,0.753344699422102,1.27543228071057
"632",0.91430019300861,0.857218731280115,1.32872303898974
"633",0.927111061998533,0.904303267448131,1.29958926525788
"634",0.780468010794924,0.679353268187566,1.23770538924486
"635",0.906527062469617,0.794926256559967,1.25076189718503
"636",0.772413139720201,0.771730720852229,1.33814166599611
"637",0.842527755782296,0.700003534362245,1.22939972998963
"638",0.846661366376617,0.819666341603382,1.2947698678745
"639",0.930694749820469,0.796105610147016,1.30104961613772
"640",0.770735459020542,0.702498746207637,1.18015891695476
"641",0.929098171083673,0.734039503447625,1.30225354513146
"642",0.913717339947223,0.801770332497586,1.24226048290902
"643",1.08933412863669,0.868666876580709,1.18839329507607
"644",0.857746904496312,0.727867736927643,1.2374143357284
"645",0.902422323385552,0.845984971313502,1.26778901130961
"646",0.820288110841311,0.847723330128804,1.36259998795901
"647",0.937943390018587,0.819481318405265,1.30149277644147
"648",1.02058530517212,0.86137870502522,1.23718316656284
"649",0.923098908549033,0.785525993939233,1.31209778952897
"650",0.834148640195623,0.709208081174561,1.24882953150543
"651",0.979498546533429,0.798148660451021,1.23520751591312
"652",0.953502359383262,0.842841669961632,1.32380680039077
"653",0.985313768763614,0.85516027244744,1.27815947489006
"654",0.902379283666055,0.750671141086138,1.29353526337787
"655",0.808339217294083,0.801124074640583,1.18653767631812
"656",0.849845768549524,0.72797397921862,1.20406660892888
"657",0.930611104138452,0.923027390692444,1.37416316158007
"658",0.854733625052788,0.742362811742926,1.31301660170897
"659",1.01478413889373,0.857885558614006,1.28938026942368
"660",0.885551991191917,0.86152845481139,1.24485965973511
"661",0.872274650341756,0.830476516804531,1.3058342051094
"662",1.08360192713722,0.854798014255732,1.29279082201145
"663",0.835672791031791,0.797783935395287,1.24569886811376
"664",0.844368692379703,0.822369255870833,1.37193295629952
"665",0.950883088665785,0.875863000326925,1.39331789856031
"666",0.854184545605114,0.800401026537992,1.27017394097447
"667",0.772301720999286,0.784195353754549,1.34877859213247
"668",0.921933007380927,0.79742097037609,1.29010961169991
"669",1.00140578738144,0.881019280889435,1.32407807881879
"670",0.794641000977567,0.763331756247711,1.29854584788497
"671",0.995646786111556,0.834745444265295,1.36504499368864
"672",0.790838155783934,0.724697018315325,1.22679073983043
"673",0.871055913273356,0.75664304423943,1.24737671381147
"674",0.858076348920283,0.677154874497884,1.20335851376567
"675",0.872246103673714,0.731574747563849,1.29200702388629
"676",0.875302232285334,0.771085814198862,1.34417962279944
"677",0.958013241857611,0.885689261555422,1.35076837547987
"678",0.856659223891742,0.818097575525414,1.29363388758158
"679",0.933308247820073,0.78929975861195,1.20203406031363
"680",0.855657621815703,0.687181126804981,1.20225518769372
"681",1.03042097462213,0.93258061126535,1.37393900348269
"682",0.86616102111022,0.794099332403239,1.24803026805401
"683",0.814105318835253,0.730444237484629,1.30476744127992
"684",0.959603068570186,0.821235779915119,1.32570726429053
"685",0.947128631055506,0.846035702851857,1.25058623434444
"686",0.948194367112158,0.865046689480007,1.39978934779482
"687",0.968986100501391,0.855420452618339,1.32155270148886
"688",1.01115729736379,0.816087413658488,1.27476533005364
"689",0.778471095201842,0.771200206547844,1.22685782569156
"690",0.922297433066083,0.743008693072793,1.21624061457233
"691",0.825324250879745,0.741316648446418,1.19493871838887
"692",0.668832263132149,0.589390634556385,1.12945029634772
"693",0.820522691650747,0.768713981525244,1.36018589248721
"694",0.704066639595327,0.607486362625232,1.12975075584436
"695",1.00257733062303,0.920126826033535,1.32726429949513
"696",0.832027725176316,0.739827238957838,1.20710178507822
"697",0.881395728394876,0.762175732253714,1.25196365072758
"698",0.951349940808092,0.84593290018365,1.31614147575979
"699",0.92343248875775,0.779675292547581,1.27565462408342
"700",0.823895229085665,0.739455416694182,1.18320435179965
"701",0.935354395808804,0.786115084116643,1.37484516468964
"702",0.978355315953958,0.813401132613783,1.14334088313533
"703",0.825131419811993,0.785601426036403,1.35795214162919
"704",0.928888903993692,0.824470371872793,1.34465803720611
"705",0.810927436426187,0.768441532870817,1.24301751623825
"706",0.70711900691055,0.746930703722299,1.28548415892025
"707",0.911835722972637,0.845383745853714,1.30383381378919
"708",0.855275300625113,0.728895162279237,1.24585149136945
"709",0.849192298005383,0.747060792048386,1.17576203839571
"710",1.08442488062882,0.866073770038371,1.29603268015192
"711",0.838480743455184,0.790367595979664,1.23689202583523
"712",0.80099230119651,0.748103593801029,1.25418115996442
"713",0.899383537692802,0.86377807329732,1.35460435452129
"714",0.907322425358959,0.814508638250455,1.34944567481675
"715",0.982573699950331,0.914119033341626,1.39924145633023
"716",0.85131669503087,0.787245740831898,1.20967360324716
"717",0.874495411675104,0.745150992541017,1.33737785053319
"718",1.05111588073753,0.95287537451159,1.35296191262284
"719",0.674990397883361,0.747652730740974,1.27390327197667
"720",0.940494337917602,0.838476761855934,1.36280669442003
"721",0.79697655615747,0.699559197816456,1.24454084859115
"722",0.771019199792865,0.748228174636507,1.25514841442515
"723",1.0101253829188,0.908304423010369,1.33982922903687
"724",0.954253425707853,0.949739320462454,1.30970120135846
"725",1.02359779431901,0.872030493334885,1.3398600439521
"726",0.957669108374411,0.847746860115843,1.27160871577528
"727",0.934903742370628,0.732312488544168,1.33907309077612
"728",0.927173793324027,0.852243723220159,1.31226204355199
"729",0.826828181003364,0.722923983885426,1.21369640426805
"730",0.848887755563854,0.772730743194407,1.23646647955675
"731",0.819570547497691,0.747098343662448,1.28676211647157
"732",0.818603888059626,0.73613510858503,1.32303199860632
"733",1.06220807585739,0.887483740359945,1.27222369479177
"734",0.87125593983633,0.790291599719773,1.23378048894363
"735",0.819003029771141,0.793309057878366,1.30901803895523
"736",0.84425519316112,0.712127530675286,1.21725465295719
"737",0.746162390446453,0.734934923362184,1.20657889289795
"738",0.924915904721058,0.828901527910905,1.27170452193833
"739",0.97759153003961,0.826378748742066,1.41252014491709
"740",0.860163356256933,0.750202864612761,1.19432302104439
"741",0.738840093298518,0.697761017881738,1.27469537066165
"742",0.870902575722542,0.744611864775891,1.24871331313834
"743",0.871111892998742,0.771602566410103,1.27937243778907
"744",1.07597303990401,0.938541967132756,1.40156088613593
"745",0.869023579489998,0.798032222089011,1.30625664307638
"746",0.940804836084752,0.895865392688048,1.35661506936963
"747",0.827221363929038,0.816001912493047,1.26792650195108
"748",1.01012968532761,0.920391716918993,1.35397561911838
"749",0.836720774797703,0.821424780891085,1.37470751276923
"750",0.855552497797499,0.862215275796063,1.25513458207601
"751",0.858427215826375,0.767899331198591,1.25554522049244
"752",0.800203117812846,0.701528996092545,1.16995163541763
"753",0.785731699966551,0.668864705585913,1.20451161350627
"754",0.866774357260785,0.833420552418123,1.36735268016302
"755",0.8804032360558,0.85625471337546,1.25345238711685
"756",0.97213243928621,0.878168078358884,1.36326354239148
"757",0.988719529577629,0.859116086525901,1.34390930752681
"758",0.793326862641157,0.738713921182701,1.27821582739991
"759",1.01258356592106,0.859862661041938,1.27705603702449
"760",0.846516447282304,0.779738466630278,1.2860160046462
"761",0.959416714009327,0.795535767722181,1.35792838006512
"762",0.731438535042572,0.618722999687649,1.30570482027417
"763",0.890492273955096,0.809134527011513,1.39009822225368
"764",1.00318274075528,0.829186070985488,1.30069164690547
"765",0.828676822818856,0.772117677726373,1.18073524716654
"766",0.993606359244659,0.950945281407787,1.38226005979014
"767",0.791748442570161,0.770978045396377,1.28836733019871
"768",0.854892657256893,0.769258859116096,1.22604652616319
"769",0.817671849732606,0.85708689304396,1.35272685706523
"770",0.79626025640411,0.783257563314804,1.16124530076295
"771",0.85442921476927,0.865858633588484,1.26462105034293
"772",0.764275269290502,0.699980856804948,1.32345125326409
"773",0.809226227920355,0.727971796451257,1.36357021445336
"774",0.88387825206779,0.811142216152491,1.33331014898947
"775",1.10552216065192,0.889834220007198,1.26035305531096
"776",0.927200950779139,0.826021383580072,1.31082174340245
"777",0.935419377932118,0.875793925583668,1.25994140572252
"778",0.908110791064789,0.840182389964703,1.36623624911495
"779",0.921442568504365,0.775607362729583,1.20091493137311
"780",0.880805255743159,0.758512682579396,1.2416618049516
"781",0.818880723450618,0.765552206950086,1.33120329653051
"782",0.921799589550925,0.863808905713302,1.32458668537867
"783",0.851846876532389,0.786168205754789,1.17311157935561
"784",0.856163778254777,0.804299248307318,1.19982146702572
"785",0.801688741111526,0.714886322718139,1.22760781649983
"786",0.806530959534679,0.713347572324065,1.19953606654292
"787",0.938361016382158,0.824545042661021,1.271552105685
"788",0.856841083579009,0.772738586980689,1.21812272990297
"789",0.941119184097973,0.839161918525501,1.36131725106583
"790",1.03135169585274,0.871184381119089,1.30097299423613
"791",1.08333309490444,0.973457583572357,1.34484613479887
"792",0.796894987752406,0.668890767490538,1.18712247893437
"793",0.886942480309958,0.741801802662589,1.40167164194098
"794",1.05744842598595,0.857873387298303,1.32131643067729
"795",0.847084907556228,0.71413351165266,1.20311279507837
"796",0.737691329326463,0.688256383671985,1.2329191497249
"797",0.801258710253478,0.691874974672647,1.27467697130759
"798",0.860141557737731,0.703231274828247,1.2282523350152
"799",0.822090972657506,0.737650338536863,1.41556031725199
"800",0.965509430404832,0.79043053120711,1.27029724848405
"801",0.998577340226434,0.872949048163093,1.26939756711154
"802",0.850933577318384,0.797707524096694,1.30145183418862
"803",0.93051605813334,0.839765551944796,1.45592583491118
"804",0.966919127386974,0.763419372157586,1.19422641860703
"805",0.982671757500475,0.7867637031247,1.25966857130286
"806",0.957327976267911,0.839318369007035,1.22155221127111
"807",0.873389356120783,0.80844906258163,1.27847357025008
"808",0.86118194826755,0.834106038064707,1.2747155649527
"809",1.02293803492477,0.922364955899487,1.47563899659933
"810",0.799053986803944,0.695981493044335,1.23311089290557
"811",0.840369562246525,0.726416444644485,1.25660160790447
"812",0.977738400147427,0.833513222521679,1.32042180126121
"813",0.916839578100544,0.779751077975896,1.31950762495456
"814",0.852383135375092,0.699405448658803,1.25366348146013
"815",0.830308459745844,0.734025600255092,1.12182620104966
"816",1.01623132344777,0.877710833354362,1.32592452390066
"817",0.952251052945467,0.791700873661044,1.2266490079086
"818",0.932657607401002,0.661570780522693,1.158759925694
"819",0.88564111779856,0.802963785367434,1.43333794670094
"820",0.782967630328342,0.714696537628031,1.21238145545786
"821",0.97379179740762,0.894371545510181,1.43612959918194
"822",0.778669126586944,0.660605115329517,1.21288154781903
"823",0.874914951273484,0.837583549464508,1.35038338725881
"824",0.953881817254798,0.768732799139453,1.22475145442483
"825",0.858141817039569,0.808195449269514,1.26208468292521
"826",0.890969140063816,0.829457096443885,1.39289366889072
"827",0.894410973452,0.808131491344841,1.26834932744692
"828",0.865212571081089,0.755673940769649,1.22162184736115
"829",0.762263470018948,0.661382884559247,1.2065440136702
"830",0.870826464436065,0.810810524051427,1.33042315560191
"831",0.909446394154152,0.860911739009025,1.29785420582783
"832",0.854177393783112,0.699194297291868,1.16076812400718
"833",0.824724486082565,0.643056027208544,1.18420455021706
"834",0.871524309869387,0.725592921571551,1.22184423919462
"835",0.781495013686598,0.699873587782841,1.24607585613783
"836",0.873020642064462,0.822735944522344,1.24273697374669
"837",0.905882032495369,0.833687693404766,1.2840800609661
"838",0.860743360295224,0.810617582445289,1.42633459639838
"839",0.984881422328787,0.929432112235903,1.38005053045444
"840",1.02926903626637,0.86630739759338,1.22874643851801
"841",0.894527952051966,0.849381882813588,1.26592890033322
"842",0.906710525920925,0.774570980427763,1.26286361704116
"843",0.979058147018735,0.887786520654254,1.38562060408405
"844",0.865580983718217,0.756754371638153,1.28849838796562
"845",0.946836766656989,0.805409548158445,1.24535855398379
"846",0.710094950741076,0.676219867854289,1.25384612245363
"847",0.891180387290116,0.808673180139296,1.32882575766586
"848",0.904825163346021,0.808256326670371,1.32668201056263
"849",0.541861559297708,0.599743909027851,1.16437001095893
"850",0.849542179643594,0.767769286794773,1.2070716229007
"851",0.912597526148043,0.806067188639809,1.35189324403485
"852",1.11558997244847,0.982497617852823,1.31126990398317
"853",0.91079593928501,0.871767817449791,1.39498571225587
"854",0.949922845803128,0.850785803935564,1.27925162832763
"855",0.67284136870118,0.572771374111311,1.16521808382527
"856",0.875775794803078,0.780245708740337,1.30299812006243
"857",0.875411073638968,0.832691944843334,1.30945644262594
"858",0.783856806814579,0.667671459313396,1.10419160781843
"859",1.00204898566869,0.953201471998887,1.45325599292484
"860",0.810326723317983,0.732655204476564,1.23973133475534
"861",0.923278336202095,0.800106694201189,1.2219802503126
"862",0.885355513283681,0.867239041277581,1.41457084738875
"863",0.905306009899797,0.809748654136154,1.19567210195171
"864",0.93559090921036,0.891933698806135,1.37121901016518
"865",0.925737681364331,0.727901475308276,1.15746608069156
"866",0.799305959464187,0.710309802919031,1.25318702898061
"867",0.878754681997943,0.761176668536821,1.3583135801081
"868",0.824132321577465,0.733861914403941,1.24713714571251
"869",1.12118604178421,0.95030885769972,1.37766826104916
"870",0.893847249345174,0.769429323410069,1.23801783057976
"871",0.778740366995734,0.646424085774679,1.15303474817639
"872",0.904354248924667,0.774922262578074,1.26563661824165
"873",0.802896673830174,0.712611593438943,1.23932770622589
"874",0.982025220139592,0.852825960284755,1.15650787531938
"875",0.976066311367222,0.799401002888694,1.15953768308346
"876",1.11039702686172,0.976471642271508,1.23883576578421
"877",0.944013304771203,0.888658989077095,1.44056807016729
"878",0.775083820292693,0.719071596843743,1.19378933412328
"879",0.961893964892423,0.770684716897397,1.22240177172866
"880",0.978287598735674,0.848513945621738,1.40481697668309
"881",0.752827995953726,0.678725429620475,1.20181352190708
"882",0.856105385703799,0.800750221408429,1.22838046183372
"883",0.807497146647799,0.637951249820217,1.25701660798607
"884",0.935433839698401,0.761792259353504,1.32499950346268
"885",0.917997500449607,0.784091129395147,1.32242725070418
"886",0.872355029838057,0.810767333836263,1.38327163980696
"887",0.958849345178559,0.857385967216415,1.32310057636465
"888",0.758746777294238,0.743983991259597,1.17851344041755
"889",0.912459712529638,0.804781793259309,1.32385131579948
"890",0.937920340618632,0.851397128869725,1.2855568447172
"891",1.02824724576924,0.879494260042889,1.36241716571475
"892",0.9982011667678,0.796684748556959,1.32399308383409
"893",0.844961866192045,0.703550604485355,1.204825587091
"894",0.905355965963,0.836116048846991,1.32879762732385
"895",1.02378147510547,0.96979737188671,1.35418457112449
"896",1.00693240400743,0.941246394421796,1.33764172581703
"897",0.921178865670021,0.822724249147325,1.26642328377148
"898",0.974211398058417,0.829883594550942,1.30501211672325
"899",0.85964289758591,0.806456775579466,1.24263513870107
"900",0.995090024882281,0.866005019963379,1.43013921472049
"901",0.937507068354249,0.839726243530206,1.23778939815739
"902",0.893862813857803,0.765202531465457,1.29223162120918
"903",1.08628772606748,0.968270550420185,1.42806132938338
"904",0.978300819961615,0.794084232600798,1.20464451818688
"905",0.74551198167636,0.704791881603178,1.2826636518765
"906",0.805789481599726,0.776584666925755,1.27464789273804
"907",0.765636144914809,0.673050061232229,1.18167731687591
"908",0.763227711900764,0.725141328075498,1.30765650189972
"909",0.806688612330213,0.726179758082124,1.2557042105453
"910",0.821266728623948,0.799162769949413,1.20483335690795
"911",0.8313375979359,0.808265356448916,1.28351903718965
"912",0.781403396932856,0.661285507124679,1.24048601257671
"913",0.841259004734494,0.689985418431978,1.18754273674082
"914",0.939879826069798,0.898052367117241,1.36872174015195
"915",0.942232590896592,0.82495431640396,1.36232759007662
"916",0.820177962203365,0.720585858578209,1.23071663435925
"917",0.899166737065779,0.773943785153466,1.26770004868622
"918",0.875747114340342,0.810652326098108,1.32807449342559
"919",0.858288076151142,0.717558204269318,1.16022590062623
"920",0.900582540533578,0.904214853583114,1.40038395963096
"921",0.829854455786189,0.706161284671492,1.23790118141619
"922",0.876429624478918,0.800696358729447,1.41698369547729
"923",0.786508764584339,0.704307743180708,1.26296076365262
"924",0.987935149330225,0.813647841908581,1.27262766245075
"925",1.04797146496608,1.02264586086285,1.57399956968756
"926",0.823943462388438,0.69851661913955,1.31519817044034
"927",0.984357773367176,0.899865779351487,1.3888374497284
"928",0.855284462433509,0.772611120527931,1.26559290928956
"929",1.05543617081221,0.89334535842213,1.36497664447761
"930",0.752955208598759,0.812028503499354,1.39986166738296
"931",0.789837940891742,0.803899881812556,1.25448851020194
"932",0.867230795446681,0.813982068233896,1.32617776010986
"933",0.988754678049814,0.91791527167428,1.45988871087756
"934",0.91340349721837,0.816803594979848,1.27540395583335
"935",0.913723281578795,0.758092504763919,1.24757473298361
"936",0.944002930376252,0.840288069132552,1.3313225396317
"937",1.05647017108944,0.952621619557562,1.40128652113065
"938",0.841906886538848,0.683558402326071,1.32388368624626
"939",0.855580758333937,0.785528572998603,1.32081955894569
"940",0.94625420583788,0.892536165163354,1.28296400644834
"941",0.91109260699533,0.892079976206877,1.36816806505611
"942",0.994577740736459,0.87322111737244,1.33446662622713
"943",1.03853248867756,0.887174150135473,1.37241996158894
"944",0.871497765942789,0.777917659580552,1.2759943813207
"945",0.823383806828925,0.759681513680286,1.12777375453384
"946",0.917790191743223,0.811749294470767,1.33184048735546
"947",0.992733295746744,0.788598778611708,1.23834669305569
"948",0.859025401494754,0.766213919054601,1.15144491902194
"949",0.902151064274896,0.745909603597353,1.27678760640047
"950",0.768375774222866,0.713912162571064,1.19379456240377
"951",0.893339225561403,0.856260530160993,1.28891110397124
"952",0.792436302878196,0.740689407750505,1.2309880188197
"953",0.933462526892567,0.760421518997644,1.23553292646512
"954",0.941659324884222,0.809582317347252,1.25496211504309
"955",0.909539099232635,0.879524899904846,1.37761086630577
"956",0.816560715458071,0.779747200633288,1.29959154987369
"957",0.770437700614798,0.696069336459701,1.24271825129472
"958",0.879815985333996,0.826817477775761,1.28932176098435
"959",0.800970156991552,0.798378659190247,1.25701995389216
"960",0.777947807833835,0.698590366454313,1.24398094422944
"961",0.887135623740322,0.787567180939802,1.31318077265854
"962",0.866173971625948,0.768001178443974,1.1974002334486
"963",0.878099877890879,0.740903668198085,1.23937746164275
"964",0.896448632388905,0.882782943199655,1.24195638862436
"965",0.931727701134889,0.745791578164373,1.18810488214414
"966",0.970214743933824,0.921864594330929,1.44937712816355
"967",0.933183521273171,0.811803389035683,1.29870012635645
"968",0.905091344299481,0.856634455600824,1.2312479488554
"969",0.950949498785336,0.802567941395561,1.22794351927912
"970",0.839805827257641,0.742230172333467,1.2902581590695
"971",0.770668369946418,0.616733806414538,1.15079465703522
"972",0.855990140700629,0.704928946916824,1.26614745281456
"973",0.800108316021812,0.797824011609714,1.21517940271174
"974",0.70089313909372,0.689222538944274,1.13377704843878
"975",0.890208085336412,0.921668407543809,1.35638874172006
"976",0.877309378481811,0.804696140112154,1.25578528201538
"977",1.05735288648064,0.927852458899565,1.37163505593319
"978",0.801199789520261,0.735537615182878,1.3153138186821
"979",0.751924533713837,0.626893684180383,1.1497966825351
"980",1.02870814356963,0.884853668441531,1.40679084238736
"981",0.896433082879474,0.844824180891791,1.29601710735601
"982",0.948265982591963,0.831500480104253,1.27883831742199
"983",0.99402501099354,0.912059637318194,1.34294870864709
"984",0.814530953588189,0.871919602115812,1.34285834531565
"985",0.772232009562589,0.723584859522359,1.17727187966705
"986",0.86513079756445,0.721356027511211,1.29173650752691
"987",0.850032512395789,0.728895735947991,1.25381747751897
"988",1.0039027192503,0.966720274840071,1.48163747885496
"989",0.958645038849282,0.779898086779089,1.26628831729243
"990",0.814838804888429,0.777430966923358,1.32027133699771
"991",0.917688167448786,0.831761259031869,1.34554041279532
"992",0.917510543042109,0.82754019366722,1.28779540295945
"993",0.920423109715938,0.83100310901285,1.41426086579294
"994",0.90101020806407,0.82543738050347,1.34540516000097
"995",0.825506974517648,0.647416941927456,1.22516499320688
"996",0.899535737963504,0.797561398630866,1.34637986960894
"997",0.894346274722688,0.696899710703129,1.22840170080595
"998",0.736951421252753,0.710277368302895,1.19921316109658
"999",0.718107846459228,0.603757989079764,1.27228234795986
"1000",0.995712895278575,0.940413739176738,1.4970457444929
